{
  "project_info": {
    "project_number": "338471719238",
    "project_id": "seea-player-2024",
    "storage_bucket": "seea-player-2024.appspot.com"
  },
  "client": [
    {
      "client_info": {
        "mobilesdk_app_id": "1:338471719238:android:03b7d29370645e7cb35547",
        "android_client_info": {
          "package_name": "com.jaidev.seeaplayer"
        }
      },
      "oauth_client": [],
      "api_key": [
        {
          "current_key": "AIzaSyBOMnWZW1fUOcNVVOIbiz_ps5-wqSHgbAM"
        }
      ],
      "services": {
        "appinvite_service": {
          "other_platform_oauth_client": []
        }
      }
    }
  ],
  "configuration_version": "1"
}